{
  "id": "stories-of-the-logomancer-5e",
  "title": "Stories of the Logomancer 5e",
  "version": "1.0.0",
  "compatibility": {
    "minimum": "12",
    "verified": "12"
  },
  "download": "https://github.com/Lightbearer-Fantasy/Stories-of-the-Logomancer-5e/releases/latest/download/module.zip",
  "manifest": "https://raw.githubusercontent.com/Lightbearer-Fantasy/Stories-of-the-Logomancer-5e/releases/latest/download/module.json", 
  "authors": [
    {
      "name": "Lightbearer",
      "flags": {}
    }
  ],
  "packs": [
    {
      "name": "stories-of-the-logomancer-5e",
      "label": "Stories of the Logomancer 5e",
      "path": "packs/stories-of-the-logomancer-5e",
      "type": "Adventure",
      "ownership": {
        "PLAYER": "OBSERVER",
        "ASSISTANT": "OWNER"
      },
      "system": "dnd5e",
      "flags": {}
    }
  ]
}